1,1,Frozen Treats,vanilla ice cream,Classic vanilla ice cream pint for dessert night.,4.49,true,https://static.toiimg.com/thumb/63971154.cms?width=573&height=430
2,1,Frozen Treats,chocolate ice cream,Rich chocolate ice cream made with cocoa.,4.49,true,https://source.unsplash.com/800x800/?Frozen+Treats+chocolate+ice+cream+product
3,1,Frozen Treats,strawberry ice cream,Strawberry ice cream with real fruit flavor.,4.49,true,https://source.unsplash.com/800x800/?Frozen+Treats+strawberry+ice+cream+product
4,2,Beverages & Bar,6-pack of paycheck pilsners,Six-pack of crisp Paycheck pilsner cans.,11.49,true,https://source.unsplash.com/800x800/?Beverages+%26+Bar+6-pack+of+paycheck+pilsners+product
5,3,Luxury Collectibles,seven fabergé easter eggs,Set of seven ornate Fabergé-style eggs for display.,450.00,true,https://source.unsplash.com/800x800/?Luxury+Collectibles+seven+faberg%C3%A9+easter+eggs+product
6,4,Fine Art,painting - the storm on the sea of galilee,Rembrandt's The Storm on the Sea of Galilee reproduction.,780.00,true,https://source.unsplash.com/800x800/?Fine+Art+painting+-+the+storm+on+the+sea+of+galilee+product
7,5,Home Fragrance & Bath,Aurora Ember Scented Candle Set,Scented candle set with warm ember fragrance.,42.00,true,https://source.unsplash.com/800x800/?Home+Fragrance+%26+Bath+Aurora+Ember+Scented+Candle+Set+product
8,6,Outdoor & Travel,Alpine Ridge Trail Backpack,Trail-ready backpack with padded straps and pockets.,148.00,true,https://source.unsplash.com/800x800/?Outdoor+%26+Travel+Alpine+Ridge+Trail+Backpack+product
9,7,Kitchen & Dining,Midnight Glass Cold Brew Carafe,Glass carafe for brewing and serving cold brew coffee.,58.00,true,https://source.unsplash.com/800x800/?Kitchen+%26+Dining+Midnight+Glass+Cold+Brew+Carafe+product
10,12,Stationery & Crafts,Crescent Studio Watercolor Kit,"Watercolor starter kit with paints, brushes, and paper.",79.00,true,https://source.unsplash.com/800x800/?Stationery+%26+Crafts+Crescent+Studio+Watercolor+Kit+product
11,8,Home Decor & Living,Havenstone Linen Throw Blanket,Soft linen throw blanket for sofa or bed.,118.00,true,https://source.unsplash.com/800x800/?Home+Decor+%26+Living+Havenstone+Linen+Throw+Blanket+product
12,6,Outdoor & Travel,Solstice Solar Lantern Duo,Solar-powered lantern duo for campsite or patio.,69.00,true,https://source.unsplash.com/800x800/?Outdoor+%26+Travel+Solstice+Solar+Lantern+Duo+product
13,7,Kitchen & Dining,Ironwood Chef Santoku Knife,Chef's santoku knife with balanced steel blade.,162.00,true,https://source.unsplash.com/800x800/?Kitchen+%26+Dining+Ironwood+Chef+Santoku+Knife+product
14,8,Home Decor & Living,Willowbrook Ceramic Planter Trio,Set of ceramic planters for indoor greenery.,46.00,true,https://source.unsplash.com/800x800/?Home+Decor+%26+Living+Willowbrook+Ceramic+Planter+Trio+product
15,10,Tech & Gadgets,Sterling Commuter Earbuds,Wireless commuter earbuds with charging case.,129.00,true,https://source.unsplash.com/800x800/?Tech+%26+Gadgets+Sterling+Commuter+Earbuds+product
16,8,Home Decor & Living,Mariner's Compass Wall Clock,Wall clock styled like a mariner's compass.,98.00,true,https://source.unsplash.com/800x800/?Home+Decor+%26+Living+Mariner%27s+Compass+Wall+Clock+product
17,7,Kitchen & Dining,Emberline Cast Iron Skillet Duo,Cast iron skillet duo for stovetop and oven cooking.,104.00,true,https://source.unsplash.com/800x800/?Kitchen+%26+Dining+Emberline+Cast+Iron+Skillet+Duo+product
18,11,Fitness & Wellness,Atlas Summit Yoga Mat,Cushioned yoga mat with non-slip grip.,74.00,true,https://source.unsplash.com/800x800/?Fitness+%26+Wellness+Atlas+Summit+Yoga+Mat+product
19,6,Outdoor & Travel,LumenTrail Rechargeable Headlamp,Rechargeable headlamp for night hikes.,48.00,true,https://source.unsplash.com/800x800/?Outdoor+%26+Travel+LumenTrail+Rechargeable+Headlamp+product
20,6,Outdoor & Travel,Portside Leather Passport Wallet,Leather passport wallet with RFID protection.,85.00,true,https://source.unsplash.com/800x800/?Outdoor+%26+Travel+Portside+Leather+Passport+Wallet+product
21,6,Outdoor & Travel,Arctic Bloom Insulated Tumbler,Insulated tumbler to keep drinks hot or cold.,34.00,true,https://source.unsplash.com/800x800/?Outdoor+%26+Travel+Arctic+Bloom+Insulated+Tumbler+product
22,6,Outdoor & Travel,Ridgecrest Compact Binoculars,Compact binoculars for trails and stadiums.,195.00,true,https://source.unsplash.com/800x800/?Outdoor+%26+Travel+Ridgecrest+Compact+Binoculars+product
23,5,Home Fragrance & Bath,VaporCore Smart Diffuser,Smart diffuser for customizable home fragrance.,138.00,true,https://source.unsplash.com/800x800/?Home+Fragrance+%26+Bath+VaporCore+Smart+Diffuser+product
24,7,Kitchen & Dining,Sunhollow Artisan Spice Rack,Wooden spice rack with glass jars.,62.00,true,https://source.unsplash.com/800x800/?Kitchen+%26+Dining+Sunhollow+Artisan+Spice+Rack+product
25,9,Tools & DIY,ForgeLine Adjustable Wrench Set,Adjustable wrench set for household repairs.,76.00,true,https://source.unsplash.com/800x800/?Tools+%26+DIY+ForgeLine+Adjustable+Wrench+Set+product
26,8,Home Decor & Living,Willowbard Weighted Blanket,"Weighted blanket for cozy, restful sleep.",198.00,true,https://source.unsplash.com/800x800/?Home+Decor+%26+Living+Willowbard+Weighted+Blanket+product
27,7,Kitchen & Dining,Silverstream Pour-Over Coffee Kit,Pour-over coffee kit with dripper and kettle.,122.00,true,https://source.unsplash.com/800x800/?Kitchen+%26+Dining+Silverstream+Pour-Over+Coffee+Kit+product
28,12,Stationery & Crafts,Meridian Leather Journal Set,Leather journal set for notes and sketches.,66.00,true,https://source.unsplash.com/800x800/?Stationery+%26+Crafts+Meridian+Leather+Journal+Set+product
29,10,Tech & Gadgets,Evergreen Drone Explorer Mini,Mini explorer drone with stabilized camera.,329.00,true,https://source.unsplash.com/800x800/?Tech+%26+Gadgets+Evergreen+Drone+Explorer+Mini+product
30,8,Home Decor & Living,SummitGlow LED Rope Lights,LED rope lights for ambient indoor/outdoor glow.,39.00,true,https://source.unsplash.com/800x800/?Home+Decor+%26+Living+SummitGlow+LED+Rope+Lights+product
31,7,Kitchen & Dining,Northwind Artisan Bread Kit,Artisan bread baking kit with tools and mix.,58.00,true,https://source.unsplash.com/800x800/?Kitchen+%26+Dining+Northwind+Artisan+Bread+Kit+product
32,9,Tools & DIY,Harborline Canvas Tool Roll,Canvas tool roll for organizing hand tools.,52.00,true,https://source.unsplash.com/800x800/?Tools+%26+DIY+Harborline+Canvas+Tool+Roll+product
33,6,Outdoor & Travel,Azure Reef Pool Float Lounger,Pool float lounger for lakes or pools.,84.00,true,https://source.unsplash.com/800x800/?Outdoor+%26+Travel+Azure+Reef+Pool+Float+Lounger+product
34,7,Kitchen & Dining,Granite Edge Knife Sharpening System,Knife sharpening system for kitchen blades.,138.00,true,https://source.unsplash.com/800x800/?Kitchen+%26+Dining+Granite+Edge+Knife+Sharpening+System+product
35,10,Tech & Gadgets,Midnight Meridian Smart Clock,Smart clock with alarms and ambient display.,162.00,true,https://source.unsplash.com/800x800/?Tech+%26+Gadgets+Midnight+Meridian+Smart+Clock+product
36,7,Kitchen & Dining,Orchard Grove Dried Fruit Medley,Dried fruit medley for snacking or cheese boards.,28.00,true,https://source.unsplash.com/800x800/?Kitchen+%26+Dining+Orchard+Grove+Dried+Fruit+Medley+product
37,7,Kitchen & Dining,Ironclad Forge BBQ Tool Set,"BBQ tool set with tongs, spatula, and fork.",92.00,true,https://source.unsplash.com/800x800/?Kitchen+%26+Dining+Ironclad+Forge+BBQ+Tool+Set+product
38,8,Home Decor & Living,Willowmere Silk Sleep Mask,Silk sleep mask for comfortable rest.,36.00,true,https://source.unsplash.com/800x800/?Home+Decor+%26+Living+Willowmere+Silk+Sleep+Mask+product
39,12,Stationery & Crafts,Silverline Precision Mechanical Pencil,Precision mechanical pencil for drafting.,26.00,true,https://source.unsplash.com/800x800/?Stationery+%26+Crafts+Silverline+Precision+Mechanical+Pencil+product
40,7,Kitchen & Dining,Crescent Harbor Serving Board,Wood serving board for charcuterie or appetizers.,78.00,true,https://source.unsplash.com/800x800/?Kitchen+%26+Dining+Crescent+Harbor+Serving+Board+product
41,10,Tech & Gadgets,Echo Ridge Smart Plant Sensor,Wireless plant sensor for soil and light monitoring.,64.00,true,https://source.unsplash.com/800x800/?Tech+%26+Gadgets+Echo+Ridge+Smart+Plant+Sensor+product
42,6,Outdoor & Travel,Maple Crest Snow Goggles,Snow goggles with anti-fog lenses.,128.00,true,https://source.unsplash.com/800x800/?Outdoor+%26+Travel+Maple+Crest+Snow+Goggles+product
43,7,Kitchen & Dining,Northstar Pocket Espresso Maker,Pocket espresso maker for travel brewing.,126.00,true,https://source.unsplash.com/800x800/?Kitchen+%26+Dining+Northstar+Pocket+Espresso+Maker+product
44,6,Outdoor & Travel,Harborline Wool Newsboy Cap,Wool newsboy cap with classic styling.,48.00,true,https://source.unsplash.com/800x800/?Outdoor+%26+Travel+Harborline+Wool+Newsboy+Cap+product
45,5,Home Fragrance & Bath,Blue Fox Artisan Soap Set,Artisan soap set with botanical scents.,38.00,true,https://source.unsplash.com/800x800/?Home+Fragrance+%26+Bath+Blue+Fox+Artisan+Soap+Set+product
46,8,Home Decor & Living,Granite Bay Marble Desk Clock,Marble desk clock for upscale desktops.,182.00,true,https://source.unsplash.com/800x800/?Home+Decor+%26+Living+Granite+Bay+Marble+Desk+Clock+product
47,8,Home Decor & Living,Midnight Ridge Ember Heater,Compact ember heater for small rooms.,288.00,true,https://source.unsplash.com/800x800/?Home+Decor+%26+Living+Midnight+Ridge+Ember+Heater+product
48,7,Kitchen & Dining,Orchard Trail Gourmet Honey Trio,Gourmet honey trio with distinct floral notes.,46.00,true,https://source.unsplash.com/800x800/?Kitchen+%26+Dining+Orchard+Trail+Gourmet+Honey+Trio+product
49,9,Tools & DIY,ForgeSteel Compact Multi-Tool,Compact multi-tool with pliers and blades.,84.00,true,https://source.unsplash.com/800x800/?Tools+%26+DIY+ForgeSteel+Compact+Multi-Tool+product
50,8,Home Decor & Living,Willow & Pine Herb Drying Rack,Hanging herb drying rack for kitchen harvests.,56.00,true,https://source.unsplash.com/800x800/?Home+Decor+%26+Living+Willow+%26+Pine+Herb+Drying+Rack+product
51,8,Home Decor & Living,Silverline Atelier Desk Lamp,Modern desk lamp with adjustable arm.,136.00,true,https://source.unsplash.com/800x800/?Home+Decor+%26+Living+Silverline+Atelier+Desk+Lamp+product
52,6,Outdoor & Travel,Crescent Tide Beach Blanket,Beach blanket sized for two with quick-dry fabric.,66.00,true,https://source.unsplash.com/800x800/?Outdoor+%26+Travel+Crescent+Tide+Beach+Blanket+product
53,8,Home Decor & Living,Echo Ridge Wireless Reading Light,Wireless reading light for bedside or travel.,36.00,true,https://source.unsplash.com/800x800/?Home+Decor+%26+Living+Echo+Ridge+Wireless+Reading+Light+product
54,7,Kitchen & Dining,Maple Forge Cast Iron Dutch Oven,Cast iron Dutch oven for soups and roasts.,176.00,true,https://source.unsplash.com/800x800/?Kitchen+%26+Dining+Maple+Forge+Cast+Iron+Dutch+Oven+product
55,6,Outdoor & Travel,Northstar Glacier Water Bottle,Insulated water bottle for daily hydration.,32.00,true,https://source.unsplash.com/800x800/?Outdoor+%26+Travel+Northstar+Glacier+Water+Bottle+product
56,8,Home Decor & Living,Harborline Maritime Bookends,Maritime-themed bookends for shelves.,74.00,true,https://source.unsplash.com/800x800/?Home+Decor+%26+Living+Harborline+Maritime+Bookends+product
